{
	"info": {
		"_postman_id": "32b60168-c357-44f2-aa1d-af65c304c758",
		"name": "RSI lab 5",
		"schema": "https://schema.getpostman.com/json/collection/v2.1.0/collection.json"
	},
	"item": [
		{
			"name": "Info",
			"request": {
				"method": "GET",
				"header": [],
				"url": {
					"raw": "http://localhost:3050/Service1.svc/info",
					"protocol": "http",
					"host": [
						"localhost"
					],
					"port": "3050",
					"path": [
						"Service1.svc",
						"info"
					]
				}
			},
			"response": []
		},
		{
			"name": "InfoJson",
			"request": {
				"method": "GET",
				"header": [],
				"url": {
					"raw": "http://localhost:3050/Service1.svc/json/info",
					"protocol": "http",
					"host": [
						"localhost"
					],
					"port": "3050",
					"path": [
						"Service1.svc",
						"json",
						"info"
					]
				}
			},
			"response": []
		},
		{
			"name": "GetAll",
			"request": {
				"method": "GET",
				"header": [],
				"url": {
					"raw": "http://localhost:3050/Service1.svc/books",
					"protocol": "http",
					"host": [
						"localhost"
					],
					"port": "3050",
					"path": [
						"Service1.svc",
						"books"
					]
				}
			},
			"response": []
		},
		{
			"name": "GetJsonAll",
			"request": {
				"method": "GET",
				"header": [],
				"url": {
					"raw": "http://localhost:3050/Service1.svc/json/books",
					"protocol": "http",
					"host": [
						"localhost"
					],
					"port": "3050",
					"path": [
						"Service1.svc",
						"json",
						"books"
					]
				}
			},
			"response": []
		},
		{
			"name": "GetById",
			"request": {
				"method": "GET",
				"header": [],
				"url": {
					"raw": "http://localhost:3050/Service1.svc/books/0",
					"protocol": "http",
					"host": [
						"localhost"
					],
					"port": "3050",
					"path": [
						"Service1.svc",
						"books",
						"0"
					]
				}
			},
			"response": []
		},
		{
			"name": "GetJsonById",
			"request": {
				"method": "GET",
				"header": [],
				"url": {
					"raw": "http://localhost:3050/Service1.svc/json/books/0",
					"protocol": "http",
					"host": [
						"localhost"
					],
					"port": "3050",
					"path": [
						"Service1.svc",
						"json",
						"books",
						"0"
					]
				}
			},
			"response": []
		},
		{
			"name": "Add",
			"request": {
				"method": "POST",
				"header": [],
				"body": {
					"mode": "raw",
					"raw": "<Book xmlns=\"http://schemas.datacontract.org/2004/07/MyWebService\" xmlns:i=\"http://www.w3.org/2001/XMLSchema-instance\">\n    <ISBN>9780898452235</ISBN>\n    <author>Tolkien, J. R. R.</author>\n    <id>10</id>\n    <price>36</price>\n    <releaseYear>1998</releaseYear>\n    <title>The Lord of the Rings : The Two Towers and the Return of the King</title>\n</Book>",
					"options": {
						"raw": {
							"language": "xml"
						}
					}
				},
				"url": {
					"raw": "http://localhost:3050/Service1.svc/books",
					"protocol": "http",
					"host": [
						"localhost"
					],
					"port": "3050",
					"path": [
						"Service1.svc",
						"books"
					]
				}
			},
			"response": []
		},
		{
			"name": "AddJson",
			"request": {
				"method": "POST",
				"header": [],
				"body": {
					"mode": "raw",
					"raw": "{\r\n    \"ISBN\": 9780898452235,\r\n    \"author\": \"Tolkien, J. R. R.\",\r\n    \"id\": 10,\r\n    \"price\": 36,\r\n    \"releaseYear\": 1998,\r\n    \"title\": \"The Lord of the Rings : The Two Towers and the Return of the King\"\r\n}",
					"options": {
						"raw": {
							"language": "json"
						}
					}
				},
				"url": {
					"raw": "http://localhost:3050/Service1.svc/json/books",
					"protocol": "http",
					"host": [
						"localhost"
					],
					"port": "3050",
					"path": [
						"Service1.svc",
						"json",
						"books"
					]
				}
			},
			"response": []
		},
		{
			"name": "Delete",
			"request": {
				"method": "DELETE",
				"header": [],
				"url": {
					"raw": "http://localhost:3050/Service1.svc/books/10",
					"protocol": "http",
					"host": [
						"localhost"
					],
					"port": "3050",
					"path": [
						"Service1.svc",
						"books",
						"10"
					]
				}
			},
			"response": []
		},
		{
			"name": "DeleteJson",
			"request": {
				"method": "DELETE",
				"header": [],
				"url": {
					"raw": "http://localhost:3050/Service1.svc/json/books/10",
					"protocol": "http",
					"host": [
						"localhost"
					],
					"port": "3050",
					"path": [
						"Service1.svc",
						"json",
						"books",
						"10"
					]
				}
			},
			"response": []
		},
		{
			"name": "Modify",
			"request": {
				"method": "PATCH",
				"header": [],
				"body": {
					"mode": "raw",
					"raw": "<Book xmlns=\"http://schemas.datacontract.org/2004/07/MyWebService\" xmlns:i=\"http://www.w3.org/2001/XMLSchema-instance\">\n    <ISBN>9780898452235</ISBN>\n    <author>Tolkien, J. R. R.</author>\n    <id>10</id>\n    <price>56</price>\n    <releaseYear>1998</releaseYear>\n    <title>The Lord of the Rings : The Two Towers and the Return of the King</title>\n</Book>",
					"options": {
						"raw": {
							"language": "xml"
						}
					}
				},
				"url": {
					"raw": "http://localhost:3050/Service1.svc/books",
					"protocol": "http",
					"host": [
						"localhost"
					],
					"port": "3050",
					"path": [
						"Service1.svc",
						"books"
					]
				}
			},
			"response": []
		},
		{
			"name": "ModifyJson",
			"request": {
				"method": "PATCH",
				"header": [],
				"body": {
					"mode": "raw",
					"raw": "{\r\n    \"ISBN\": 9780898452235,\r\n    \"author\": \"Tolkien, J. R. R.\",\r\n    \"id\": 10,\r\n    \"price\": 46,\r\n    \"releaseYear\": 1998,\r\n    \"title\": \"The Lord of the Rings : The Two Towers and the Return of the King\"\r\n}",
					"options": {
						"raw": {
							"language": "json"
						}
					}
				},
				"url": {
					"raw": "http://localhost:3050/Service1.svc/json/books",
					"protocol": "http",
					"host": [
						"localhost"
					],
					"port": "3050",
					"path": [
						"Service1.svc",
						"json",
						"books"
					]
				}
			},
			"response": []
		}
	],
	"protocolProfileBehavior": {}
}